{"cameraMode":{"drawMode":0,"name":"Shaded","section":"Shading Mode"},"sceneLighting":true,"audioPlay":false,"sceneViewState":{"m_AlwaysRefresh":false,"showFog":true,"showSkybox":true,"showFlares":true,"showImageEffects":true,"showParticleSystems":true,"showVisualEffectGraphs":true,"m_FxEnabled":true},"in2DMode":false,"pivot":{"x":-1.5133142471313477,"y":-3.5414085388183595,"z":22.86245346069336},"rotation":{"x":-0.17991967499256135,"y":-0.05720730870962143,"z":0.010465745814144612,"w":-0.9819858074188232},"size":120.47944641113281,"orthographic":false}